URL,Title,Description
"https://sf-cliniken.fi/","Sf-cliniken - kokonaisvaltaista hyvinvointia 15-vuoden kokemuksella","Meiltä ammattitaidolla lääkäripalvelut kirurgiset toimenpiteet esteettiset palvelut ja kattavat hyvinvointipalvelut. Palvelemme Tornionjoen rannalla."
"https://sf-cliniken.fi/sitemap_index.xml","","No description available"
"https://sf-cliniken.fi/laakaripalvelut/","Lääkäripalvelut asiantuntevasti ja paikallisesti Torniosta","Sf-clinikeniltä löydät kattavat ja ammattimaiset lääkäripalvelut. Nopea hoitoonpääsy laaja näkemys ja välittävä henkilökunta. Varaa aikasi."
"https://sf-cliniken.fi/laakaripalvelut/erikoislaakaripalvelut/","Erikoislääkäripalvelut ja kirurgiset toimenpiteet Sf-clinikeniltä","Sf-cliniken tarjoaa monipuolisia erikoislääkäripalveluita. Vastaanotolle pääsy on vaivatonta ja lääkäreiltämme löytyy laaja näkemys usealta lääketieteen osa-alueelta."
"https://sf-cliniken.fi/laakaripalvelut/plastiikkakirurgia/","Sf-clinikenillä on laaja kokemus plastiikkakirurgiasta","Plastiikkakirurgiassa on useita eri vaihtoehtoja korjata ikääntymisen mukanaan tuomia tai tapaturmien aiheuttamia muutoksia ulkonäössä."
"https://sf-cliniken.fi/laakaripalvelut/yleiskirurgia/","Autamme sinua monissa yleiskirurgisissa hoitoa vaativissa asioissa","Yleiskirurgeillamme on laaja näkemys kirurgian alalta. Toimenpiteemme ovat päiväkirurgisia etkä tarvitse yön yli jatkuvaa sairaalahoitoa."
"https://sf-cliniken.fi/laakaripalvelut/verisuonikirurgia/","Verisuonikirurgisia erikoislääkäripalveluita paikallisesti Torniossa","Edistä ja ylläpidä terveyttäsi – varaa aikasi verisuonikirurgin vastaanotolle. Meiltä löydät laajan osaamisen sekä välittävän henkilökunnan."
"https://sf-cliniken.fi/laakaripalvelut/gynekologia/","Gynekologin vastaanotolle paikallisesti Torniossa | Sf-cliniken","Sf-cliniken on erikoistunut eri-ikäisten naisten gynekologisten sairauksien hoitoon hedelmällisyyteen ja seksuaalisuuteen. Varaa aikasi."
"https://sf-cliniken.fi/laboratoriopalvelut/","Laboratoriopalvelut nopeasti ja vaivattomasti ilman lääkärin lähetettä","Huolehdi terveydestäsi ja varaa aika laboratoriotutkimuksiin. Kun tiedät miten elimistösi voi teet hyvinvointia tukevia ratkaisuja."
"https://sf-cliniken.fi/esteettiset-palvelut/","Esteettiset palvelumme sisältävät injektio- ja laitehoitoja","Esteettiset palvelumme tavoittelevat luonnollista lopputulosta. Käytössämme ovat laadukkaat ja maailmanlaajuisesti tunnetut tuotteet."
"https://sf-cliniken.fi/esteettiset-palvelut/injektiohoidot/","Injektiohoitoja tekevällä henkilökunnallamme on pitkä kokemus alalta","Häiritsevätkö huolirypyt kaipaavatko kulmasi kohotusta? Injektiohoidoilla saat nopean avun ilman kirurgin veistä. Varaa aikasi täältä."
"https://sf-cliniken.fi/esteettiset-palvelut/pistoshoidot/","Pistos- ja vitamiinihoidot kasvojen ja vartalon kauneuteen | Sf-cliniken","Ihoon tai sen alle pistettävät vitamiini- ja hyaluronihappohoidot täydentävät kokonaisvaltaista lopputulosta. Lue lisää eri vaihtoehdoista."
"https://sf-cliniken.fi/esteettiset-palvelut/laitehoidot/","Laitehoidot auttavat ikääntymisen tuomiin muutoksiin sekä vaurioihin","Sf-clinikenin palveluvalikoimaan kuuluu erikoislaitteita joilla voidaan hoitaa erilaisia ikääntymisen tuomia muutoksia sekä valovaurioita."
"https://sf-cliniken.fi/tyohyvinvointi/","Työhyvinvointi: Tarjoamme työnohjausta yksilöille ja yhteisöille","Edistä hyvinvointiasi ja ratkaise ongelmia työpaikalla osallistumalla työnohjaukseen tai coachaukseen joko yksin tai ryhmässä. Varaa aika."
"https://sf-cliniken.fi/hyvinvointipalvelut/","Hyvinvointipalvelumme hoitavat kokonaisvaltaisesti iloisella asenteella","Hyvinvointipalveluiden ammattimaisen toimivissa hoitohuoneissa voit rentoutua luottavaisin mielin ja nauttia hoidosta. Valitse hoito."
"https://sf-cliniken.fi/hyvinvointipalvelut/kosmetologi/","Kosmetologipalvelut kokonaisvaltaisen hyvinvoinnin taustalla","Kosmetologipalveluissamme yhdistyvät korkealaatuiset hoitotuotteet sekä laadukas ja ammattimainen kosmetologien hoitotyö. Varaa hoito."
"https://sf-cliniken.fi/hyvinvointipalvelut/parturi-kampaaja/","Parturi-kampaamomme palvelee ammattimaisella ja laadukkaalla otteella","Parturi-kampaamopalvelut kaikenikäisille. Suosimme korkealaatuisia suomalaisia ja pohjoismaalaisia tuotteita jotka ravitsevat hiusta."
"https://sf-cliniken.fi/hyvinvointipalvelut/hieronta/","Hieronnalla on iso vaikutus henkiseen ja fyysiseen hyvänolontunteeseen","Hierontapalveluihimme kuuluvat klassinen urheilu- imukuppi- ja fascia-hieronta. Koulutetut hierojamme saavat lihasjumit ja kivut häviämään."
"https://sf-cliniken.fi/hinnasto/","Hinnasto | Sf-cliniken","Sf-clinikenin hinnat perustuvat ammattitaitoiseen ja laadukkaaseen työhön. Täältä löydät palveluiden hinnaston. Ota selvää."
"https://sf-cliniken.fi/hyvinvointipalvelut/spa-hoidot/","Spa-hoidot tarjoavat aisteja hemmottelevia hoitoja keholle ja mielelle","Tule rentoutumaan laadukkaaseen spa-hoitolaamme. Täällä voit antaa mielen ja kehon levätä ja nauttia hetkestä. Varaa hemmotteluhetki täältä."
"https://sf-cliniken.fi/henkilokunta/","Henkilökunta | Sf-cliniken","Sf-clinikenin henkilökunta koostuu erikoislääkäreistä sairaanhoitajista sekä hyvinvointipalveluiden ammattilaisista. Lue lisää."
"https://sf-cliniken.fi/yrityksesta/","Yrityksestä | Sf-cliniken","Toimipisteemme sijaitsee Torniossa Ruotsin ja Suomen rajalla palvellen asiakkaita laajasti molemmin puolin rajaa. Lue lisää."
"https://sf-cliniken.fi/ajankohtaista/","Ajankohtaista | Sf-cliniken","Täältä löydät Sf-clinikenin blogin. Lue lisää."
"https://sf-cliniken.fi/lahjakortti/","Lahjakortti - Sf-cliniken","No description available"
"https://sf-cliniken.fi/yhteystiedot/","Yhteystiedot | Sf-cliniken","Täältä löydät Sf-clinikenin yhteystiedot. Lue lisää."
"https://sf-cliniken.fi/sv/","Sf-cliniken - holistiskt välbefinnande med 15 års erfarenhet","Vi tillhandahåller professionella medicinska tjänster kirurgiska ingrepp estetiska tjänster och omfattande hälsotjänster."
"https://sf-cliniken.fi/cdn-cgi/l/email-protection","Email Protection | Cloudflare","No description available"
"https://sf-cliniken.fi/tietosuoja/","Tietosuojaseloste | Sf-cliniken","Täältä löydät Sf-clinikenin tietosuojaselosteen. Lue lisää."
"https://sf-cliniken.fi/sv/medicinsk-verksamhet/","Medicinsk vård lokalt i Tornio | Sf-cliniken","På Sf-cliniken hittar du omfattande och professionella medicinska tjänster. Snabb tillgång till behandling och omtänksam personal."
"https://sf-cliniken.fi/sv/medicinsk-verksamhet/specialistlakare/","Specialiserade medicinska tjänster och kirurgiska ingrepp på Sf-cliniken","Sf-cliniken erbjuder ett brett utbud av specialtjänster. Tillgången till receptionen är enkel och våra läkare har en bred syn inom flera medicinska områden."
"https://sf-cliniken.fi/laakaripalvelut/erikoislaakaripalvelut/laakarin-vastaanotto/","Lääkärin vastaanotolle nopeasti vaivattomasti ja paikallisesti Torniossa","Sf-clinikenin lääkärin vastaanotolta löydät kiireettömän palvelun kattavan näkemyksen sekä välittävän henkilökunnan. Varaa aikasi täältä."
"https://sf-cliniken.fi/laakaripalvelut/erikoislaakaripalvelut/sairaanhoitajan-vastaanotto/","Sairaanhoitajan vastaanotolle toimenpiteisiin liittyvissä asioissa","Sairaanhoitajan vastaanotolla hoidamme ompeleiden poistot esteettiset hoidot ja konsultaatiot toimenpiteisiin. Varaa aikasi täältä."
"https://sf-cliniken.fi/sv/medicinsk-verksamhet/plastikkirurgi/","Sf-cliniken har lång erfarenhet av plastikkirurgi | Sf-cliniken","Med plastikkirurgi finns det flera olika alternativ för att korrigera utseendeförändringar pga ålder eller som orsakas av olyckor."
"https://sf-cliniken.fi/laakaripalvelut/plastiikkakirurgia/ylaluomileikkaus/","Yläluomileikkauksella pääset eroon lippaluomista ja kirkastat katseesi","Sf-cliniken on erikoistunut silmäluomikirurgiaan ja se onkin yksi suosituimmista toimenpiteistämme. Varaa aika konsultaatioon täältä."
"https://sf-cliniken.fi/laakaripalvelut/plastiikkakirurgia/arpikorjaus/","Arpikorjauksilla pääset eroon kohonneista ja leveistä arvista","Sf-clinikenille hakeudutaan usein näkyvän alueen arpien takia. Arpikorjauksia tekevät yleis- ja plastiikkakirurgian erikoislääkärit."
"https://sf-cliniken.fi/laakaripalvelut/plastiikkakirurgia/vatsanahan-kiristysleikkaus/","Vatsanahan kiristysleikkauksella eroon ylimääräisestä vatsan ihosta","Paranna elämänlaatuasi abdominoplastialla. Toimenpiteessä poistetaan alavatsan ylimääräinen iho ja korjataan mahdollinen erkauma."
"https://sf-cliniken.fi/laakaripalvelut/plastiikkakirurgia/rasvaimu/","Rasvaimu - tarjoamme avun ikävien rasvakertymien poistoon","Rasvaimut kokemuksella sekä ammattitaidolla paikallisesti Torniossa. Hoitoonpääsy on nopeaa ja vaivatonta. Varaa aikasi konsultaatioon."
"https://sf-cliniken.fi/laakaripalvelut/plastiikkakirurgia/rintojen-pienennys/","Rintojen pienennysleikkaus on turvallinen ammattilaisen käsissä","Sf-clinikenillä rintojen kokoa voidaan pienentää reduktioplastialla. Varaa aikasi konsultaatioon lääkärin kanssa."
"https://sf-cliniken.fi/sv/medicinsk-verksamhet/allman-kirurgi/","Vi hjälper Dig med många allmänna kirurgiska problem | Sf-cliniken","Våra allmänna kirurger har bred kunskap inom hela kirurgfältet. Våra operationer görs i dagkirurgi och Du behöver inte stanna över natten."
"https://sf-cliniken.fi/laakaripalvelut/plastiikkakirurgia/korvalehden-korjausleikkaus/","Korvalehden korjausleikkaus korjaa hörökorvat ja revenneet korvanipukat","Palauta korvalehtiesi muoto korvalehden korjausleikkauksella. Toimenpiteen tekee plastiikkakirurgi päiväkirurgisesti paikallispuudutuksessa."
"https://sf-cliniken.fi/laakaripalvelut/yleiskirurgia/tyraleikkaus/","Tyrät ja tyräleikkaukset: Hoida nivus- napa- tai arpityrä nopeasti","Tyräleikkaus on yksi Sf-clinikenin yleisimmistä kirurgisista toimenpiteistä jonka tekee yleiskirurgian erikoislääkäri. Hae vaivaan apua jo tänään."
"https://sf-cliniken.fi/laakaripalvelut/yleiskirurgia/perapukamaleikkaus/","Peräpukamat pois vaivattomasti leikkauksella tai kumilenkkihoidolla","Sf-clinikenillä peräpukamaleikkaukset tekee yleiskirugian erikoislääkäri. Toimenpide tehdään päiväkirurgisesti paikallispuudutuksessa."
"https://sf-cliniken.fi/laakaripalvelut/yleiskirurgia/miehen-sterilisaatio/","Miehen sterilisaatio (vasektomia) on lopullinen ehkäisymenetelmä","Sf-clinikenin yksi yleisimmistä toimenpiteistä on miehen sterilisaatioleikkaus. Sen tekee yleiskirurgian erikoislääkäri paikallispuudutuksessa."
"https://sf-cliniken.fi/laakaripalvelut/yleiskirurgia/ihomuutokset/","Ihomuutoksen poistot ilman jonotusta erikoislääkärin tekemänä","Epäilyttääkö jokin ihomuutos? Sf-clinikenillä sinua hoitavat kokeneet lääketieteen moniosaajat. Varaa aika vastaanotolle."
